time_ns,input_val,low_band,high_band,output_recon
1445,   593,  -299,   380,     0
1455,    49,    32,   645,    -1
1465,  4702,  2614, -2012,   -13
1475,  9280,  4563,   317,   -13
1485,  8515,  2509,  1925,    -8
1495,  4403,    27,   687,    -7
1505,  3434,  2191, -1386,   -14
1515,  7608,  7165, -1395,   -25
1525, 11662,  9182,   659,  4777
1535, 10335,  6452,  1923,  4316
1545,  5633,  3621,   633,   574
1555,  4054,  5334, -1447,    25
1565,  7608,  9807, -1463,  4661
1575, 11042, 11281,   587,  9237
1585,  9105,  7976,  1847,  8473
1595,  3813,  4545,   554,  4371
1605,  1672,  5644, -1527,  3403
1615,  4702,  9497, -1542,  7564
1625,  7658, 10357,   508, 11606
1635,  5296,  6452,  1771, 10282
1645,  -361,  2446,   482,  5593
1655, -2801,  3002, -1595,  4019
1665,     0,  6355, -1604,  7565
1675,  2801,  6764,   453, 10989
1685,   361,  2465,  1724,  9060
1695, -5296, -1873,   443,  3784
1705, -7658, -1581, -1624,  1650
1715, -4702,  1580, -1624,  4675
1725, -1672,  1872,   443,  7625
1735, -3812, -2466,  1724,  5272
1745, -9105, -6765,   454,  -367
1755,-11042, -6356, -1604, -2797
1765, -7608, -3003, -1594,    -2
1775, -4054, -2446,   482,  2794
1785, -5632, -6453,  1771,   364
1795,-10335,-10358,   508, -5275
1805,-11662, -9498, -1542, -7628
1815, -7608, -5644, -1527, -4676
1825, -3434, -4545,   554, -1653
1835, -4403, -7976,  1847, -3786
1845, -8515,-11282,   586, -9063
1855, -9280, -9808, -1463,-10992
1865, -4702, -5335, -1447, -7567
1875,   -49, -3622,   633, -4021
1885,  -593, -6453,  1923, -5595
1895, -4340, -9183,   659,-10285
1905, -4806, -7166, -1395,-11609
1915,     0, -2192, -1386, -7567
1925,  4806,   -28,   687, -3406
1935,  4340, -2465,  1970, -4374
1945,   593, -4863,   697, -8476
1955,    49, -2583, -1366, -9240
1965,  4702,  2582, -1366, -4677
1975,  9280,  4862,   697,   -40
1985,  8515,  2464,  1970,  -584
1995,  4403,    27,   687, -4325
2005,  3434,  2191, -1386, -4792
2015,  7608,  7165, -1395,    -1
2025, 11662,  9182,   659,  4789
2035, 10335,  6452,  1923,  4322
2045,  5633,  3621,   633,   581
2055,  4053,  5334, -1447,    37
2065,  7608,  9807, -1463,  4674
2075, 11042, 11281,   586,  9237
2085,  9106,  7976,  1847,  8473
2095,  3813,  4544,   555,  4371
2105,  1672,  5643, -1527,  3403
2115,  4702,  9497, -1542,  7564
2125,  7658, 10357,   508, 11606
2135,  5296,  6453,  1771, 10282
2145,  -361,  2446,   482,  5593
2155, -2801,  3002, -1595,  4018
2165,     0,  6355, -1604,  7564
2175,  2801,  6764,   453, 10990
2185,   361,  2465,  1724,  9060
2195, -5295, -1873,   443,  3784
2205, -7658, -1581, -1624,  1650
2215, -4702,  1580, -1624,  4674
2225, -1672,  1873,   444,  7625
2235, -3812, -2465,  1723,  5272
2245, -9105, -6764,   454,  -367
2255,-11042, -6356, -1604, -2798
2265, -7608, -3003, -1595,    -2
2275, -4054, -2446,   482,  2795
2285, -5632, -6453,  1771,   364
2295,-10335,-10358,   508, -5273
2305,-11662, -9498, -1542, -7627
2315, -7608, -5644, -1527, -4677
2325, -3434, -4545,   554, -1653
2335, -4403, -7976,  1847, -3786
2345, -8514,-11282,   586, -9063
2355, -9280, -9808, -1463,-10992
2365, -4702, -5335, -1447, -7567
2375,   -50, -3622,   633, -4021
2385,  -593, -6453,  1922, -5595
2395, -4340, -9182,   659,-10285
2405, -4807, -7166, -1395,-11609
2415,     0, -2193, -1386, -7567
2425,  4806,   -28,   687, -3406
2435,  4340, -2465,  1970, -4374
2445,   594, -4863,   698, -8474
2455,    49, -2583, -1366, -9240
2465,  4701,  2582, -1366, -4677
2475,  9280,  4862,   697,   -40
2485,  8515,  2464,  1969,  -585
2495,  4403,    27,   688, -4324
2505,  3434,  2191, -1386, -4792
2515,  7607,  7165, -1396,    -1
2525, 11662,  9182,   659,  4789
2535, 10335,  6452,  1923,  4321
2545,  5633,  3621,   633,   583
2555,  4053,  5333, -1447,    37
2565,  7607,  9806, -1463,  4673
2575, 11042, 11281,   587,  9238
2585,  9106,  7976,  1847,  8473
2595,  3813,  4544,   555,  4371
2605,  1672,  5642, -1527,  3402
2615,  4701,  9496, -1543,  7563
2625,  7658, 10357,   508, 11606
2635,  5296,  6453,  1771, 10282
2645,  -361,  2446,   482,  5593
2655, -2801,  3002, -1594,  4018
2665,     0,  6354, -1605,  7562
2675,  2801,  6764,   454, 10989
2685,   362,  2465,  1724,  9060
2695, -5295, -1873,   443,  3784
2705, -7658, -1581, -1624,  1651
2715, -4702,  1580, -1624,  4673
2725, -1672,  1873,   443,  7625
2735, -3812, -2465,  1724,  5272
2745, -9105, -6764,   454,  -367
2755,-11042, -6356, -1604, -2797
2765, -7608, -3003, -1595,    -1
2775, -4054, -2446,   482,  2794
2785, -5632, -6453,  1771,   365
2795,-10334,-10358,   508, -5274
2805,-11662, -9498, -1542, -7627
2815, -7609, -5645, -1527, -4677
2825, -3434, -4545,   554, -1653
2835, -4403, -7976,  1847, -3786
2845, -8514,-11281,   587, -9062
2855, -9280, -9808, -1462,-10992
2865, -4702, -5335, -1448, -7568
2875,   -50, -3622,   633, -4022
2885,  -593, -6453,  1922, -5595
2895, -4340, -9182,   659,-10284
2905, -4807, -7166, -1395,-11609
2915,     0, -2193, -1386, -7568
2925,  4806,   -28,   687, -3405
2935,  4341, -2465,  1970, -4373
2945,   594, -4863,   698, -8474
2955,    49, -2583, -1366, -9240
2965,  4701,  2582, -1366, -4677
2975,  9280,  4862,   697,   -40
2985,  8515,  2465,  1970,  -585
2995,  4403,    27,   688, -4324
3005,  3434,  2191, -1386, -4792
3015,  7607,  7165, -1396,    -1
3025, 11662,  9182,   659,  4789
3035, 10335,  6452,  1923,  4322
3045,  5633,  3621,   633,   583
3055,  4053,  5333, -1447,    37
3065,  7607,  9806, -1463,  4674
3075, 11042, 11281,   587,  9238
3085,  9106,  7976,  1847,  8473
3095,  3813,  4544,   555,  4371
3105,  1672,  5642, -1527,  3402
3115,  4701,  9496, -1543,  7563
3125,  7658, 10357,   508, 11606
3135,  5296,  6453,  1771, 10282
3145,  -360,  2446,   482,  5593
3155, -2801,  3002, -1594,  4018
3165,     0,  6354, -1605,  7562
3175,  2801,  6764,   454, 10989
3185,   362,  2465,  1723,  9060
3195, -5295, -1873,   444,  3784
3205, -7658, -1581, -1624,  1651
3215, -4702,  1580, -1624,  4673
3225, -1672,  1873,   443,  7625
3235, -3812, -2465,  1724,  5271
3245, -9105, -6764,   454,  -366
3255,-11043, -6356, -1604, -2798
3265, -7609, -3003, -1595,    -2
3275, -4054, -2446,   481,  2794
3285, -5632, -6453,  1771,   365
3295,-10334,-10358,   508, -5274
3305,-11662, -9499, -1542, -7627
3315, -7609, -5645, -1527, -4677
3325, -3434, -4545,   554, -1654
3335, -4402, -7976,  1847, -3785
3345, -8514,-11281,   587, -9063
3355, -9280, -9808, -1462,-10993
3365, -4703, -5335, -1448, -7568
3375,   -50, -3621,   632, -4022
3385,  -593, -6452,  1923, -5595
3395, -4340, -9182,   659,-10284
3405, -4807, -7167, -1395,-11609
3415,    -1, -2193, -1386, -7568
3425,  4806,   -28,   687, -3405
3435,  4341, -2465,  1970, -4371
3445,   594, -4863,   698, -8475
3455,    49, -2584, -1366, -9240
3465,  4701,  2581, -1366, -4678
3475,  9280,  4862,   697,   -40
3485,  8515,  2465,  1970,  -585
3495,  4404,    27,   688, -4324
3505,  3434,  2191, -1386, -4792
3515,  7607,  7165, -1396,    -2
3525, 11662,  9182,   659,  4788
3535, 10336,  6453,  1922,  4322
3545,  5633,  3621,   633,   583
3555,  4053,  5333, -1447,    37
3565,  7607,  9806, -1463,  4674
3575, 11042, 11281,   586,  9238
3585,  9106,  7976,  1847,  8472
3595,  3813,  4544,   555,  4371
3605,  1671,  5642, -1527,  3402
3615,  4701,  9496, -1543,  7563
3625,  7658, 10357,   508, 11606
3635,  5297,  6453,  1771, 10282
3645,  -360,  2445,   482,  5593
3655, -2801,  3001, -1594,  4018
3665,     0,  6354, -1604,  7562
3675,  2801,  6764,   453, 10989
3685,   362,  2466,  1724,  9060
3695, -5295, -1873,   444,  3784
3705, -7658, -1581, -1624,  1650
3715, -4703,  1580, -1624,  4673
3725, -1672,  1873,   443,  7624
3735, -3812, -2465,  1724,  5273
3745, -9104, -6764,   454,  -366
3755,-11043, -6356, -1604, -2798
3765, -7609, -3004, -1595,    -1
3775, -4054, -2446,   482,  2794
3785, -5632, -6452,  1770,   365
3795,-10334,-10358,   509, -5274
3805,-11662, -9499, -1543, -7627
3815, -7609, -5645, -1527, -4678
3825, -3434, -4545,   554, -1653
3835, -4402, -7976,  1847, -3786
3845, -8514,-11281,   587, -9061
3855, -9281, -9808, -1462,-10993
3865, -4703, -5335, -1448, -7567
3875,   -50, -3621,   632, -4022
3885,  -593, -6452,  1923, -5595
3895, -4340, -9183,   659,-10284
3905, -4807, -7167, -1395,-11609
3915,    -1, -2193, -1386, -7568
3925,  4806,   -28,   687, -3405
3935,  4341, -2465,  1970, -4372
3945,   594, -4863,   698, -8475
3955,    49, -2584, -1366, -9241
3965,  4701,  2581, -1366, -4678
3975,  9280,  4862,   697,   -40
3985,  8515,  2465,  1970,  -585
3995,  4404,    27,   688, -4324
4005,  3433,  2191, -1386, -4792
4015,  7607,  7165, -1396,    -2
4025, 11662,  9182,   659,  4788
4035, 10336,  6453,  1922,  4322
4045,  5633,  3621,   633,   583
4055,  4053,  5333, -1447,    37
4065,  7607,  9806, -1463,  4674
4075, 11042, 11282,   586,  9238
4085,  9106,  7976,  1847,  8472
4095,  3814,  4544,   555,  4371
4105,  1671,  5642, -1527,  3402
4115,  4701,  9496, -1543,  7563
4125,  7658, 10357,   508, 11606
4135,  5297,  6453,  1771, 10283
4145,  -360,  2446,   483,  5593
4155, -2801,  3001, -1595,  4018
4165,     0,  6354, -1604,  7562
4175,  2801,  6764,   453, 10989
4185,   362,  2466,  1724,  9060
4195, -5294, -1873,   444,  3784
4205, -7658, -1581, -1624,  1650
4215, -4703,  1580, -1624,  4673
4225, -1672,  1873,   443,  7624
4235, -3811, -2464,  1723,  5273
4245, -9104, -6764,   454,  -366
4255,-11043, -6356, -1604, -2798
4265, -7609, -3004, -1595,    -1
4275, -4054, -2446,   481,  2795
4285, -5632, -6452,  1771,   365
4295,-10334,-10358,   509, -5273
4305,-11662, -9499, -1543, -7627
4315, -7609, -5645, -1527, -4678
4325, -3434, -4545,   554, -1654
4335, -4402, -7976,  1847, -3785
4345, -8514,-11281,   587, -9061
4355, -9281, -9808, -1462,-10993
4365, -4703, -5335, -1448, -7567
4375,   -50, -3621,   632, -4022
4385,  -593, -6452,  1923, -5595
4395, -4339, -9183,   659,-10284
4405, -4807, -7167, -1395,-11609
4415,    -1, -2193, -1386, -7568
4425,  4806,   -28,   687, -3405
4435,  4341, -2464,  1969, -4372
4445,   594, -4863,   698, -8475
4455,    49, -2584, -1366, -9241
4465,  4700,  2581, -1366, -4678
4475,  9280,  4862,   697,   -40
4485,  8516,  2465,  1970,  -585
4495,  4404,    27,   688, -4323
4505,  3433,  2190, -1385, -4793
4515,  7607,  7164, -1396,    -3
4525, 11662,  9183,   658,  4788
4535, 10336,  6453,  1923,  4322
4545,  5634,  3621,   633,   583
4555,  4053,  5333, -1448,    36
4565,  7607,  9806, -1463,  4672
4575, 11042, 11282,   586,  9237
4585,  9106,  7977,  1847,  8474
4595,  3814,  4545,   555,  4371
4605,  1671,  5642, -1527,  3402
4615,  4701,  9496, -1543,  7564
4625,  7658, 10358,   508, 11606
4635,  5297,  6453,  1771, 10284
4645,  -360,  2446,   483,  5594
4655, -2801,  3001, -1595,  4018
4665,    -1,  6354, -1604,  7562
4675,  2801,  6764,   453, 10990
4685,   363,  2466,  1724,  9061
4695, -5294, -1873,   444,  3784
4705, -7658, -1582, -1623,  1649
4715, -4703,  1579, -1624,  4673
4725, -1672,  1874,   443,  7624
4735, -3811, -2464,  1724,  5273
4745, -9104, -6764,   454,  -366
4755,-11043, -6357, -1604, -2797
4765, -7609, -3004, -1595,    -3
4775, -4054, -2446,   481,  2795
4785, -5631, -6452,  1771,   366
4795,-10334,-10358,   509, -5273
4805,-11663, -9499, -1543, -7628
4815, -7609, -5645, -1527, -4679
4825, -3434, -4545,   553, -1654
4835, -4402, -7975,  1847, -3785
4845, -8514,-11282,   587, -9061
4855, -9281, -9809, -1463,-10993
4865, -4703, -5335, -1448, -7567
4875,   -50, -3621,   632, -4023
4885,  -592, -6452,  1923, -5594
4895, -4339, -9183,   659,-10284
4905, -4807, -7167, -1395,-11610
4915,    -1, -2193, -1386, -7568
4925,  4806,   -28,   686, -3405
4935,  4341, -2464,  1970, -4371
4945,   594, -4863,   698, -8475
4955,    49, -2584, -1366, -9241
4965,  4700,  2581, -1366, -4678
4975,  9279,  4862,   697,   -41
4985,  8516,  2465,  1970,  -584
4995,  4404,    27,   688, -4323
5005,  3433,  2190, -1385, -4793
5015,  7606,  7164, -1396,    -2
5025, 11661,  9182,   658,  4788
5035, 10336,  6453,  1923,  4322
5045,  5634,  3621,   633,   583
5055,  4053,  5332, -1447,    36
5065,  7606,  9805, -1463,  4672
5075, 11042, 11281,   586,  9237
5085,  9107,  7977,  1847,  8473
5095,  3814,  4545,   555,  4371
5105,  1671,  5642, -1527,  3402
5115,  4700,  9496, -1543,  7562
5125,  7658, 10358,   507, 11605
5135,  5297,  6454,  1771, 10283
5145,  -360,  2446,   483,  5594
5155, -2801,  3000, -1594,  4018
5165,    -1,  6354, -1605,  7562
5175,  2801,  6764,   453, 10989
5185,   363,  2466,  1724,  9061
5195, -5294, -1873,   444,  3785
5205, -7658, -1582, -1623,  1649
5215, -4703,  1579, -1624,  4672
5225, -1672,  1874,   443,  7624
5235, -3811, -2464,  1724,  5273
5245, -9104, -6764,   454,  -366
5255,-11043, -6357, -1604, -2797
5265, -7609, -3004, -1595,    -3
5275, -4054, -2446,   481,  2795
5285, -5631, -6452,  1771,   366
5295,-10334,-10358,   509, -5273
5305,-11663, -9499, -1543, -7628
5315, -7610, -5645, -1527, -4679
5325, -3435, -4545,   553, -1654
5335, -4402, -7975,  1847, -3785
5345, -8514,-11282,   587, -9061
5355, -9281, -9809, -1463,-10993
5365, -4704, -5336, -1448, -7567
5375,   -50, -3622,   632, -4023
5385,  -592, -6452,  1923, -5594
5395, -4339, -9183,   659,-10284
5405, -4807, -7168, -1395,-11610
5415,    -2, -2194, -1387, -7569
5425,  4806,   -28,   687, -3406
5435,  4341, -2463,  1970, -4372
5445,   594, -4863,   698, -8475
5455,    48, -2584, -1365, -9241
5465,  4700,  2581, -1367, -4679
5475,  9279,  4862,   697,   -41
5485,  8516,  2465,  1970,  -584
5495,  4404,    27,   688, -4323
5505,  3433,  2190, -1386, -4792
5515,  7606,  7164, -1396,    -3
5525, 11661,  9182,   658,  4789
5535, 10336,  6453,  1923,  4322
5545,  5634,  3621,   633,   583
5555,  4053,  5332, -1447,    36
5565,  7606,  9805, -1463,  4673
5575, 11042, 11281,   586,  9237
5585,  9107,  7977,  1847,  8473
5595,  3814,  4545,   555,  4371
5605,  1671,  5642, -1527,  3402
5615,  4700,  9496, -1543,  7562
5625,  7658, 10358,   507, 11605
5635,  5297,  6454,  1771, 10283
5645,  -359,  2446,   483,  5594
5655, -2801,  3000, -1594,  4018
5665,    -1,  6354, -1605,  7562
5675,  2801,  6764,   453, 10989
5685,   363,  2466,  1723,  9061
5695, -5294, -1873,   444,  3785
5705, -7658, -1582, -1623,  1649
5715, -4703,  1579, -1624,  4672
5725, -1672,  1874,   443,  7624
5735, -3811, -2464,  1724,  5272
5745, -9104, -6764,   454,  -366
5755,-11043, -6357, -1604, -2798
5765, -7610, -3004, -1595,    -3
5775, -4054, -2446,   481,  2795
5785, -5631, -6452,  1771,   366
5795,-10333,-10358,   509, -5273
5805,-11663, -9500, -1542, -7628
5815, -7610, -5646, -1528, -4679
5825, -3435, -4545,   553, -1654
5835, -4402, -7975,  1847, -3785
5845, -8513,-11281,   588, -9061
5855, -9281, -9809, -1463,-10994
5865, -4704, -5337, -1448, -7569
5875,   -50, -3622,   632, -4022
5885,  -592, -6452,  1922, -5595
5895, -4339, -9182,   660,-10284
5905, -4807, -7168, -1395,-11610
5915,    -2, -2194, -1387, -7569
5925,  4805,   -28,   686, -3407
5935,  4341, -2463,  1970, -4373
5945,   595, -4863,   698, -8474
5955,    48, -2584, -1365, -9242
5965,  4700,  2580, -1366, -4679
5975,  9279,  4862,   696,   -41
5985,  8516,  2465,  1969,  -583
5995,  4404,    27,   689, -4323
6005,  3433,  2190, -1386, -4792
6015,  7606,  7164, -1396,    -4
6025, 11661,  9182,   658,  4788
6035, 10336,  6453,  1923,  4322
6045,  5634,  3621,   633,   584
6055,  4053,  5332, -1447,    35
6065,  7606,  9805, -1463,  4673
6075, 11042, 11281,   586,  9237
6085,  9107,  7977,  1847,  8473
6095,  3814,  4545,   555,  4371
6105,  1671,  5642, -1527,  3402
6115,  4700,  9496, -1543,  7562
6125,  7657, 10358,   507, 11605
6135,  5298,  6454,  1771, 10283
6145,  -359,  2446,   483,  5594
6155, -2801,  3000, -1594,  4018
6165,    -1,  6353, -1604,  7562
6175,  2801,  6764,   452, 10989
6185,   363,  2467,  1724,  9061
6195, -5294, -1872,   444,  3785
6205, -7658, -1582, -1623,  1649
6215, -4703,  1579, -1624,  4672
6225, -1672,  1874,   443,  7623
6235, -3811, -2464,  1724,  5273
6245, -9103, -6764,   454,  -365
6255,-11043, -6357, -1604, -2798
6265, -7610, -3004, -1595,    -3
6275, -4054, -2446,   481,  2795
6285, -5631, -6451,  1770,   366
6295,-10333,-10357,   509, -5273
6305,-11663, -9500, -1542, -7628
6315, -7610, -5646, -1528, -4679
6325, -3435, -4545,   553, -1654
6335, -4402, -7975,  1847, -3785
6345, -8513,-11281,   588, -9060
6355, -9281, -9809, -1463,-10993
6365, -4704, -5337, -1448, -7569
6375,   -50, -3622,   632, -4022
6385,  -592, -6452,  1922, -5595
6395, -4339, -9182,   660,-10284
6405, -4807, -7168, -1395,-11610
6415,    -2, -2194, -1387, -7569
6425,  4805,   -28,   686, -3407
6435,  4341, -2463,  1970, -4373
6445,   595, -4863,   698, -8474
6455,    48, -2584, -1365, -9242
6465,  4699,  2580, -1366, -4679
6475,  9279,  4862,   696,   -41
6485,  8516,  2465,  1969,  -583
6495,  4404,    27,   689, -4323
6505,  3433,  2189, -1385, -4792
6515,  7606,  7163, -1396,    -4
6525, 11661,  9182,   658,  4788
6535, 10337,  6453,  1923,  4322
6545,  5634,  3621,   633,   584
6555,  4053,  5332, -1447,    35
6565,  7606,  9805, -1463,  4671
6575, 11042, 11282,   585,  9236
6585,  9107,  7977,  1847,  8473
6595,  3815,  4545,   555,  4371
6605,  1671,  5642, -1527,  3402
6615,  4700,  9496, -1543,  7562
6625,  7657, 10358,   507, 11605
6635,  5298,  6454,  1770, 10285
6645,  -359,  2446,   483,  5594
6655, -2801,  3000, -1594,  4018
6665,    -1,  6353, -1604,  7562
6675,  2801,  6764,   452, 10990
6685,   363,  2467,  1724,  9061
6695, -5293, -1872,   444,  3785
6705, -7658, -1582, -1623,  1649
6715, -4704,  1579, -1624,  4672
6725, -1672,  1874,   443,  7623
6735, -3810, -2463,  1723,  5273
6745, -9103, -6763,   455,  -365
6755,-11043, -6357, -1603, -2798
6765, -7610, -3004, -1595,    -3
6775, -4054, -2445,   481,  2795
6785, -5631, -6451,  1771,   366
6795,-10333,-10357,   509, -5272
6805,-11663, -9500, -1542, -7627
6815, -7610, -5646, -1528, -4679
6825, -3435, -4545,   553, -1654
6835, -4401, -7975,  1847, -3783
6845, -8513,-11281,   588, -9060
6855, -9281, -9809, -1463,-10993
6865, -4704, -5336, -1448, -7569
6875,   -50, -3621,   631, -4022
6885,  -592, -6451,  1923, -5595
6895, -4339, -9182,   660,-10284
6905, -4808, -7168, -1395,-11610
6915,    -2, -2194, -1387, -7569
6925,  4805,   -28,   686, -3407
6935,  4342, -2464,  1970, -4371
6945,   595, -4863,   698, -8473
6955,    48, -2585, -1366, -9242
6965,  4699,  2580, -1366, -4679
6975,  9279,  4862,   696,   -41
6985,  8516,  2466,  1970,  -584
6995,  4405,    27,   688, -4323
7005,  3433,  2189, -1385, -4793
7015,  7605,  7163, -1396,    -3
7025, 11661,  9182,   658,  4787
7035, 10337,  6454,  1922,  4323
7045,  5635,  3621,   634,   583
7055,  4053,  5332, -1447,    36
7065,  7606,  9805, -1464,  4671
7075, 11042, 11282,   585,  9236
7085,  9107,  7978,  1847,  8474
7095,  3815,  4545,   555,  4373
7105,  1671,  5642, -1527,  3402
7115,  4700,  9496, -1543,  7562
7125,  7657, 10358,   507, 11606
7135,  5298,  6454,  1770, 10285
7145,  -359,  2446,   483,  5595
7155, -2801,  3000, -1594,  4018
7165,    -1,  6353, -1604,  7562
7175,  2801,  6764,   452, 10990
7185,   364,  2467,  1724,  9061
7195, -5293, -1872,   444,  3785
7205, -7658, -1582, -1623,  1649
7215, -4704,  1579, -1624,  4672
7225, -1672,  1874,   442,  7623
7235, -3810, -2463,  1724,  5273
7245, -9103, -6763,   455,  -365
7255,-11043, -6357, -1603, -2797
7265, -7610, -3004, -1595,    -3
7275, -4054, -2445,   481,  2794
7285, -5631, -6451,  1771,   367
7295,-10333,-10357,   509, -5272
7305,-11663, -9500, -1542, -7627
7315, -7611, -5646, -1528, -4679
7325, -3435, -4545,   553, -1654
7335, -4401, -7975,  1847, -3783
7345, -8513,-11281,   588, -9060
7355, -9281, -9810, -1462,-10993
7365, -4705, -5337, -1448, -7569
7375,   -51, -3621,   631, -4022
7385,  -592, -6451,  1923, -5595
7395, -4339, -9182,   660,-10284
7405, -4808, -7168, -1395,-11610
7415,    -3, -2195, -1387, -7570
7425,  4805,   -28,   686, -3406
7435,  4342, -2463,  1970, -4371
7445,   595, -4863,   698, -8473
7455,    48, -2585, -1365, -9242
7465,  4699,  2579, -1367, -4680
7475,  9279,  4862,   696,   -41
7485,  8517,  2466,  1970,  -583
7495,  4405,    27,   688, -4322
7505,  3433,  2189, -1385, -4793
7515,  7605,  7163, -1396,    -5
7525, 11661,  9183,   657,  4787
7535, 10337,  6455,  1923,  4323
7545,  5635,  3621,   634,   583
7555,  4053,  5332, -1447,    35
7565,  7606,  9805, -1464,  4671
7575, 11042, 11282,   585,  9237
7585,  9108,  7978,  1847,  8475
7595,  3815,  4545,   555,  4372
7605,  1671,  5642, -1527,  3402
7615,  4700,  9496, -1543,  7562
7625,  7657, 10358,   507, 11606
7635,  5298,  6455,  1771, 10285
7645,  -358,  2446,   483,  5595
7655, -2801,  3000, -1594,  4018
7665,    -2,  6353, -1604,  7562
7675,  2801,  6764,   452, 10989
7685,   364,  2467,  1723,  9062
7695, -5293, -1872,   445,  3785
7705, -7658, -1582, -1623,  1649
7715, -4704,  1579, -1625,  4672
7725, -1672,  1874,   442,  7623
7735, -3810, -2462,  1724,  5273
7745, -9103, -6763,   455,  -364
7755,-11043, -6357, -1603, -2798
7765, -7610, -3004, -1595,    -3
7775, -4054, -2445,   481,  2794
7785, -5630, -6451,  1771,   368
7795,-10333,-10357,   509, -5271
7805,-11663, -9500, -1542, -7627
7815, -7611, -5646, -1528, -4679
7825, -3435, -4544,   553, -1654
7835, -4401, -7974,  1847, -3783
7845, -8513,-11281,   588, -9060
7855, -9281, -9810, -1462,-10994
7865, -4705, -5337, -1448, -7569
7875,   -51, -3621,   631, -4022
7885,  -592, -6451,  1923, -5594
7895, -4338, -9182,   660,-10283
7905, -4808, -7168, -1395,-11610
7915,    -3, -2195, -1387, -7570
7925,  4805,   -28,   686, -3406
7935,  4342, -2463,  1969, -4371
7945,   595, -4863,   699, -8473
7955,    48, -2585, -1365, -9242
7965,  4699,  2579, -1367, -4680
7975,  9279,  4862,   696,   -41
7985,  8517,  2466,  1970,  -584
7995,  4405,    27,   688, -4321
8005,  3433,  2189, -1385, -4793
8015,  7605,  7163, -1396,    -5
8025, 11661,  9183,   657,  4787
8035, 10337,  6455,  1923,  4323
8045,  5635,  3621,   634,   583
8055,  4053,  5332, -1447,    35
8065,  7605,  9805, -1464,  4671
8075, 11042, 11282,   585,  9237
8085,  9108,  7978,  1847,  8475
8095,  3815,  4545,   555,  4372
8105,  1671,  5641, -1526,  3402
8115,  4699,  9495, -1544,  7562
8125,  7657, 10358,   507, 11606
8135,  5298,  6455,  1771, 10285
8145,  -358,  2446,   483,  5595
8155, -2801,  3000, -1594,  4018
8165,    -2,  6353, -1605,  7560
8175,  2801,  6764,   452, 10989
8185,   364,  2467,  1723,  9062
8195, -5293, -1872,   445,  3785
8205, -7658, -1582, -1623,  1649
8215, -4704,  1579, -1625,  4671
8225, -1672,  1874,   442,  7624
8235, -3810, -2462,  1724,  5273
8245, -9103, -6763,   455,  -364
8255,-11043, -6357, -1603, -2798
8265, -7611, -3004, -1595,    -3
8275, -4054, -2445,   481,  2794
8285, -5630, -6451,  1771,   368
8295,-10333,-10357,   509, -5271
8305,-11663, -9500, -1542, -7627
8315, -7611, -5646, -1528, -4679
8325, -3435, -4544,   553, -1654
8335, -4401, -7974,  1847, -3783
8345, -8513,-11281,   588, -9060
8355, -9281, -9810, -1462,-10994
8365, -4705, -5337, -1448, -7569
8375,   -51, -3621,   631, -4022
8385,  -592, -6451,  1923, -5594
8395, -4338, -9182,   660,-10283
8405, -4808, -7168, -1395,-11610
8415,    -3, -2195, -1387, -7570
8425,  4805,   -28,   686, -3406
8435,  4342, -2463,  1969, -4371
8445,   595, -4863,   699, -8473
8455,    48, -2585, -1365, -9242
8465,  4698,  2579, -1367, -4680
8475,  9279,  4862,   696,   -41
8485,  8517,  2466,  1970,  -584
8495,  4405,    27,   688, -4321
8505,  3433,  2189, -1385, -4793
8515,  7605,  7163, -1397,    -5
8525, 11661,  9183,   658,  4787
8535, 10337,  6455,  1923,  4323
8545,  5635,  3621,   634,   583
8555,  4053,  5332, -1447,    35
8565,  7605,  9805, -1464,  4671
8575, 11042, 11282,   585,  9238
8585,  9108,  7978,  1847,  8475
8595,  3815,  4545,   555,  4372
8605,  1671,  5641, -1526,  3402
8615,  4699,  9495, -1544,  7562
8625,  7657, 10358,   507, 11606
8635,  5299,  6455,  1771, 10285
8645,  -358,  2446,   483,  5595
8655, -2801,  3000, -1594,  4018
8665,    -2,  6353, -1605,  7560
8675,  2801,  6765,   452, 10989
8685,   364,  2468,  1724,  9062
8695, -5293, -1872,   445,  3785
8705, -7658, -1582, -1623,  1649
8715, -4704,  1579, -1625,  4671
8725, -1672,  1874,   442,  7624
8735, -3810, -2462,  1724,  5274
8745, -9102, -6763,   455,  -364
8755,-11043, -6357, -1603, -2798
8765, -7611, -3004, -1595,    -3
8775, -4054, -2445,   481,  2795
8785, -5630, -6450,  1770,   368
8795,-10332,-10357,   510, -5271
8805,-11663, -9500, -1542, -7627
8815, -7611, -5646, -1528, -4679
8825, -3435, -4544,   553, -1654
8835, -4401, -7974,  1847, -3784
8845, -8513,-11281,   588, -9058
8855, -9282, -9810, -1462,-10993
8865, -4705, -5337, -1448, -7569
8875,   -51, -3621,   631, -4022
8885,  -591, -6451,  1923, -5594
8895, -4338, -9183,   660,-10283
8905, -4808, -7169, -1395,-11610
8915,    -3, -2195, -1386, -7570
8925,  4805,   -28,   686, -3406
8935,  4342, -2462,  1970, -4371
8945,   595, -4862,   699, -8473
8955,    48, -2585, -1366, -9243
8965,  4698,  2579, -1367, -4680
8975,  9279,  4862,   696,   -42
8985,  8517,  2466,  1970,  -582
8995,  4405,    27,   688, -4321
9005,  3433,  2189, -1385, -4793
9015,  7605,  7163, -1397,    -5
9025, 11661,  9183,   658,  4787
9035, 10337,  6455,  1923,  4323
9045,  5635,  3621,   634,   583
9055,  4053,  5332, -1447,    35
9065,  7605,  9805, -1464,  4671
9075, 11042, 11282,   585,  9238
9085,  9108,  7978,  1847,  8475
9095,  3816,  4545,   555,  4372
9105,  1671,  5641, -1526,  3402
9115,  4699,  9495, -1544,  7562
9125,  7657, 10358,   507, 11606
9135,  5299,  6456,  1770, 10285
9145,  -358,  2447,   484,  5595
9155, -2801,  3000, -1594,  4018
9165,    -2,  6353, -1605,  7560
9175,  2801,  6765,   452, 10989
9185,   364,  2468,  1724,  9062
9195, -5292, -1872,   445,  3787
9205, -7658, -1582, -1623,  1650
9215, -4705,  1579, -1625,  4671
9225, -1672,  1874,   442,  7624
9235, -3809, -2462,  1723,  5274
9245, -9102, -6763,   455,  -364
9255,-11043, -6358, -1603, -2798
9265, -7611, -3005, -1596,    -3
9275, -4054, -2445,   480,  2795
9285, -5630, -6450,  1771,   368
9295,-10332,-10357,   510, -5271
9305,-11663, -9500, -1542, -7628
9315, -7612, -5646, -1528, -4681
9325, -3435, -4544,   553, -1654
9335, -4401, -7974,  1847, -3783
9345, -8512,-11281,   588, -9059
9355, -9282, -9810, -1462,-10993
9365, -4706, -5338, -1449, -7569
9375,   -51, -3621,   631, -4022
9385,  -591, -6451,  1922, -5594
9395, -4338, -9182,   661,-10283
9405, -4808, -7169, -1395,-11610
9415,    -4, -2196, -1387, -7570
9425,  4805,   -28,   686, -3407
9435,  4342, -2462,  1970, -4372
9445,   595, -4863,   699, -8472
9455,    48, -2586, -1365, -9242
9465,  4698,  2579, -1367, -4681
9475,  9279,  4862,   696,   -42
9485,  8517,  2466,  1970,  -583
9495,  4405,    27,   688, -4322
9505,  3433,  2189, -1385, -4793
9515,  7604,  7163, -1397,    -5
9525, 11661,  9183,   658,  4787
9535, 10338,  6455,  1923,  4323
9545,  5635,  3621,   634,   583
9555,  4053,  5331, -1446,    35
9565,  7605,  9804, -1464,  4671
9575, 11042, 11282,   585,  9238
9585,  9108,  7979,  1847,  8475
9595,  3816,  4545,   555,  4372
9605,  1671,  5641, -1526,  3401
9615,  4699,  9495, -1544,  7559
9625,  7657, 10358,   507, 11605
9635,  5299,  6456,  1770, 10286
9645,  -358,  2447,   484,  5595
9655, -2801,  3000, -1594,  4018
9665,    -2,  6353, -1605,  7560
9675,  2801,  6765,   452, 10989
9685,   365,  2468,  1724,  9062
9695, -5292, -1872,   445,  3787
9705, -7658, -1582, -1623,  1650
9715, -4705,  1579, -1625,  4671
9725, -1672,  1875,   442,  7624
9735, -3809, -2461,  1724,  5274
9745, -9102, -6763,   455,  -364
9755,-11043, -6358, -1603, -2798
9765, -7611, -3005, -1596,    -3
9775, -4055, -2445,   480,  2796
9785, -5630, -6450,  1771,   369
9795,-10332,-10357,   510, -5271
9805,-11663, -9500, -1542, -7628
9815, -7612, -5647, -1528, -4681
9825, -3435, -4545,   553, -1654
9835, -4400, -7974,  1847, -3783
9845, -8512,-11281,   588, -9059
9855, -9282, -9810, -1462,-10993
9865, -4706, -5338, -1449, -7570
9875,   -51, -3621,   631, -4023
9885,  -591, -6450,  1923, -5594
9895, -4338, -9182,   661,-10283
9905, -4808, -7169, -1395,-11610
9915,    -4, -2196, -1387, -7570
9925,  4805,   -28,   686, -3407
9935,  4342, -2462,  1970, -4370
9945,   596, -4863,   699, -8472
9955,    48, -2586, -1365, -9242
9965,  4698,  2579, -1367, -4681
9975,  9278,  4862,   696,   -42
9985,  8517,  2466,  1969,  -583
9995,  4406,    28,   689, -4322
10005,  3432,  2189, -1385, -4793
10015,  7604,  7162, -1396,    -5
10025, 11661,  9182,   657,  4787
10035, 10338,  6455,  1922,  4323
10045,  5636,  3621,   635,   585
10055,  4053,  5331, -1447,    36
10065,  7605,  9804, -1464,  4670
10075, 11042, 11282,   585,  9236
10085,  9109,  7979,  1847,  8474
10095,  3816,  4546,   556,  4373
10105,  1671,  5641, -1526,  3400
10115,  4699,  9495, -1544,  7560
10125,  7657, 10359,   506, 11605
10135,  5299,  6456,  1771, 10286
10145,  -357,  2447,   484,  5597
10155, -2801,  3000, -1594,  4018
10165,    -2,  6353, -1605,  7560
10175,  2801,  6765,   452, 10990
10185,   365,  2468,  1723,  9064
10195, -5292, -1871,   445,  3786
10205, -7658, -1582, -1623,  1649
10215, -4705,  1579, -1625,  4671
10225, -1672,  1875,   442,  7624
10235, -3809, -2461,  1724,  5274
10245, -9102, -6763,   455,  -363
10255,-11043, -6358, -1603, -2797
10265, -7611, -3005, -1596,    -3
10275, -4055, -2445,   480,  2795
10285, -5629, -6450,  1771,   369
10295,-10332,-10357,   510, -5271
10305,-11663, -9500, -1542, -7628
10315, -7612, -5647, -1528, -4681
10325, -3435, -4544,   552, -1654
10335, -4400, -7973,  1847, -3783
10345, -8512,-11281,   588, -9059
10355, -9282, -9810, -1462,-10994
10365, -4706, -5337, -1449, -7570
10375,   -51, -3621,   631, -4023
10385,  -591, -6450,  1923, -5592
10395, -4338, -9182,   661,-10283
10405, -4808, -7169, -1395,-11610
10415,    -4, -2196, -1387, -7571
10425,  4804,   -28,   686, -3406
10435,  4343, -2462,  1970, -4370
10445,   596, -4862,   699, -8472
10455,    47, -2586, -1365, -9242
10465,  4697,  2578, -1366, -4681
10475,  9278,  4862,   695,   -42
10485,  8517,  2467,  1970,  -582
10495,  4406,    27,   689, -4321
10505,  3432,  2188, -1385, -4793
10515,  7604,  7161, -1396,    -6
10525, 11661,  9182,   657,  4786
10535, 10338,  6455,  1923,  4324
10545,  5636,  3621,   635,   584
10555,  4053,  5331, -1447,    35
10565,  7604,  9804, -1464,  4669
10575, 11041, 11282,   585,  9235
10585,  9109,  7979,  1847,  8474
10595,  3816,  4546,   556,  4373
10605,  1671,  5641, -1526,  3400
10615,  4699,  9494, -1544,  7560
10625,  7657, 10358,   506, 11605
10635,  5300,  6456,  1771, 10286
10645,  -357,  2447,   484,  5597
10655, -2801,  3000, -1594,  4018
10665,    -3,  6353, -1605,  7559
10675,  2801,  6765,   452, 10989
10685,   365,  2469,  1724,  9063
10695, -5292, -1871,   445,  3786
10705, -7658, -1583, -1623,  1650
10715, -4705,  1578, -1625,  4671
10725, -1672,  1875,   442,  7624
10735, -3809, -2461,  1724,  5275
10745, -9102, -6763,   455,  -363
10755,-11043, -6358, -1603, -2798
10765, -7612, -3005, -1596,    -4
10775, -4055, -2445,   480,  2795
10785, -5629, -6449,  1771,   369
10795,-10332,-10357,   509, -5270
10805,-11663, -9501, -1541, -7628
10815, -7612, -5647, -1528, -4681
10825, -3435, -4544,   552, -1654
10835, -4400, -7973,  1847, -3782
10845, -8512,-11281,   588, -9060
10855, -9282, -9810, -1462,-10993
10865, -4706, -5337, -1449, -7571
10875,   -51, -3621,   631, -4023
10885,  -591, -6450,  1923, -5592
10895, -4338, -9182,   661,-10283
10905, -4808, -7169, -1395,-11610
10915,    -4, -2196, -1387, -7571
10925,  4804,   -28,   686, -3406
10935,  4343, -2462,  1970, -4370
10945,   596, -4862,   699, -8472
10955,    47, -2586, -1365, -9242
10965,  4697,  2578, -1366, -4681
10975,  9278,  4862,   695,   -42
10985,  8518,  2467,  1970,  -582
10995,  4406,    27,   689, -4321
11005,  3432,  2188, -1385, -4793
11015,  7604,  7161, -1396,    -6
11025, 11661,  9183,   657,  4786
11035, 10338,  6456,  1923,  4324
11045,  5636,  3621,   635,   584
11055,  4052,  5331, -1447,    35
11065,  7604,  9804, -1464,  4669
11075, 11041, 11282,   585,  9236
11085,  9109,  7979,  1847,  8475
11095,  3816,  4545,   556,  4374
11105,  1671,  5640, -1526,  3400
11115,  4698,  9494, -1544,  7560
11125,  7657, 10358,   506, 11605
11135,  5300,  6456,  1771, 10286
11145,  -357,  2447,   484,  5596
11155, -2802,  2999, -1593,  4017
11165,    -3,  6352, -1605,  7559
11175,  2801,  6765,   452, 10988
11185,   365,  2469,  1724,  9063
11195, -5292, -1872,   446,  3786
11205, -7658, -1583, -1623,  1649
11215, -4705,  1578, -1625,  4670
11225, -1672,  1875,   442,  7624
11235, -3809, -2461,  1724,  5275
11245, -9101, -6763,   455,  -363
11255,-11043, -6358, -1603, -2798
11265, -7612, -3005, -1596,    -4
11275, -4055, -2445,   480,  2795
11285, -5629, -6449,  1770,   369
11295,-10332,-10356,   510, -5270
11305,-11663, -9501, -1541, -7628
11315, -7612, -5647, -1528, -4681
11325, -3436, -4544,   552, -1654
11335, -4400, -7973,  1847, -3782
11345, -8512,-11281,   588, -9058
11355, -9282, -9811, -1462,-10993
11365, -4707, -5338, -1448, -7571
11375,   -51, -3621,   630, -4023
11385,  -591, -6450,  1923, -5592
11395, -4338, -9182,   661,-10283
11405, -4809, -7170, -1394,-11610
11415, -4809, -2196, -1387, -7571
11425, -4809,   -73,   641, -3408
11435, -4809,   -73,   641, -4370
11445, -4809,   -73,   641, -4370
